INSERT INTO public.users (id, username, secretkey, email) VALUES ('b126889d-486f-4925-ae98-51f8c2ce1c99', 'cbrochard', '$2a$11$cFqehCUH2Ym9A1JwtiA.4e2OGusaBbh83KD1rfJLwhFxNRzpszF8C', 'cbrochard88@gmail.com');
INSERT INTO public.users (id, username, secretkey, email) VALUES ('b3393b6e-b307-4652-b6d8-f55fe6a00d6e', 'abonnin', '$2a$11$aOrb0kKp/AcdB2GGhloPCO60LJV4h3SCfdxnmGwthHlq.CDnSB0Tq', 'bonninalice16@hotmail.fr');
INSERT INTO public.users (id, username, secretkey, email) VALUES ('b7f5b03e-e793-4360-afac-af837a562f5a', 'mbobiere', '$2a$11$MEh3R4PZkox0daSleQplQegXgq/zP.gF3ULTgetndX4I4e/ielnLW', 'myriam.grossin@sfr.fr');
INSERT INTO public.users (id, username, secretkey, email) VALUES ('e8fc9dd1-339e-4221-b413-004616ffc334', 'gbarreau', '$2a$11$zUFiZhHsGfaIcrYwKLbafOrlFskQIaOOR2RTapWrhgPUX13bLA2x6', 'barreau.guillaume@orange.fr');
INSERT INTO public.users (id, username, secretkey, email) VALUES ('120e4a1b-2fdc-45c6-81a4-310423f8bd2d', 'aarnou', '$2a$11$sXoEKfwkNEOgPXQCbXHrdui5md.a0kPyB8LCBH.qqGoqtXBwdFZum', 'adelin.a@outlook.fr');
INSERT INTO public.users (id, username, secretkey, email) VALUES ('728b7420-0b76-4576-b1f1-ea2ee37b99a4', 'cageneau', '$2a$11$JAck4.6ZNpwuRzrL4cq55.5W6rotIiNpRdRfWxWsVO8Dfa0ftJF.e', 'zoechacri@sfr.fr');
INSERT INTO public.users (id, username, secretkey, email) VALUES ('ad2a021a-a8bb-4b5a-8152-988c6dd04ce9', 'dchaigneau', '$2a$11$LZQOcQMdrv7uS6v6dIWa5.WhTHCfYVKu1seRXypK/imEtM0VIEfuC', 'chaigneaudamien@orange.fr');
INSERT INTO public.users (id, username, secretkey, email) VALUES ('13f05732-7a0f-474b-9888-2cbf67d71515', 'ycas', '$2a$11$Hr/unyLj7GA7ue8fzhxpQ.mZHYA8p0tKtpuLQGORBDxOkTvgeOpKe', 'cas.yannlydia@free.fr');
INSERT INTO public.users (id, username, secretkey, email) VALUES ('ba573651-d102-4e31-84dc-423d55aeb5dd', 'jbourget', '$2a$11$HwbWcDPOb2fFCdaadQ/.vu7aIGglNfooGFZ0/roJks0PYcJagdAN6', 'bourget.johann@gmail.com');
INSERT INTO public.users (id, username, secretkey, email) VALUES ('ea1cac2c-37fa-43db-9e41-ed645e9299ec', 'gbillaud', '$2a$11$QRwboeuCLHfwl4MFKkfkwumEwMPFfvADp0FanNekWZnVIIc5/aAjq', 'guillaume.billaud@gmail.com');
INSERT INTO public.users (id, username, secretkey, email) VALUES ('6092e358-7910-47d9-ae93-890e07a3c7f3', 'schevalier', '$2a$11$9ioMaijdZKZinwr/P6SK/OpgQXVRFaH1j71rXoUiBJo9nzVskOofe', 'chevalier.seb2206@gmail.com');
INSERT INTO public.users (id, username, secretkey, email) VALUES ('d089746a-476f-446e-88bd-e2d9078bd482', 'ecoutand', '$2a$11$y7sXQYAFCFat05z4RFwqjeFVmxRjkh72DSu.UGMCy3e7Xaj1LsvmW', 'coutand.eddy@yahoo.fr');
INSERT INTO public.users (id, username, secretkey, email) VALUES ('86c8195e-3a97-44d3-8ece-2aa63dd618b5', 'cdeviller', '$2a$11$lSIJ.x3KwnzCM7bJpagU1OI0P4pb/kga/zLLNdH1NiNGN2Tbp2f4O', 'ristouf@hotmail.fr');
INSERT INTO public.users (id, username, secretkey, email) VALUES ('232c30d8-024d-449c-8fef-ff80b47c6884', 'ydrouet', '$2a$11$E/mENfbBTDkGRTtUjzb/R.o65Rcxiep3kZGMWyGvX2jJnAy5VzYbq', 'kilethily@gmail.com');
INSERT INTO public.users (id, username, secretkey, email) VALUES ('5c3076a2-96f2-4916-adc8-bfb5c9aab9f0', 'edrouet', '$2a$11$1A5sXgzxXtbpVDisDJvUbOsLF9yxIHyOsfl4LSBJoFQcTJKXCpmGu', 'manudrouet85@gmail.com');
INSERT INTO public.users (id, username, secretkey, email) VALUES ('a5dcc934-7067-4d01-950f-164d105fb493', 'rguillet', '$2a$11$b7R2gXCrl8D2P9Cy.hO5.u0IgaYqt30iGIctLVOJ9XksTh4DrfeQS', 'romain.guillet@hotmail.com');
INSERT INTO public.users (id, username, secretkey, email) VALUES ('397547f1-3872-47fd-86d7-c85b5d85e05b', 'fguillet', '$2a$11$4xTa0f7r.yK8irk2gc9cZuo97Hc8PMQ13qsOnhNMjacuAONqrMgn.', 'florianguillet85@gmail.com');
INSERT INTO public.users (id, username, secretkey, email) VALUES ('f860b4b5-5c94-4cf4-a151-6059befd4cbb', 'fguerry', '$2a$11$z5LZnv1pMfHXO9Dkz/VTxuSf6T7687IrRwZi.aXIABOabo5y2/cme', 'fred.guerry@aliceadsl.fr');
INSERT INTO public.users (id, username, secretkey, email) VALUES ('bffd9e5d-b131-4573-a16e-a1c13f2053a7', 'dguinaudeau', '$2a$11$9y6Ef7DYpep25hgEopZU0.DPvgSxMetiwYWQyh77wBRCRC6nCkhMi', 'davidguinaudeau85@hotmail.fr');
INSERT INTO public.users (id, username, secretkey, email) VALUES ('eae620c0-10a1-46f3-bcc9-da9e234a5e64', 'sherault', '$2a$11$AdfefWSqW.gD.70Boae9UOpi..g3xOtyhh2HrPwsxGjGlqoqWt/Ly', 'simon.herault@hotmail.fr');
INSERT INTO public.users (id, username, secretkey, email) VALUES ('f5bfb984-685d-4e9c-81bf-e27cc5e9f8dc', 'oheraud', '$2a$11$pmVVR0.p7nT2.fcLkPkpCe3uMJGJ9eitrTK1GMPNJhmgCwaGJtbiW', 'olivier.heraud@neuf.fr');
INSERT INTO public.users (id, username, secretkey, email) VALUES ('25828fb5-2478-4f47-b31b-07b838aa0994', 'lsorin', '$2a$11$GCULGWwbMZEUkoLrPPLHQel5qO/.oYIfELibM/OBJRveQHqBs/k76', 'lecolosso@orange.fr');
INSERT INTO public.users (id, username, secretkey, email) VALUES ('c7d5e79a-0fc0-48d0-a6ed-411323f46b57', 'trouthiau', '$2a$11$Kao1xxmWJQ8QCYsY5hDi.OTIbY59BPAh9zIfE4o.4irP7hhYCJJUe', 'thibo.routhiau@laposte.net');
INSERT INTO public.users (id, username, secretkey, email) VALUES ('099306d6-28cb-436a-b590-06b1ed82c19c', 'gretailleau', '$2a$11$oAZNCs3OV6Trba3p86SghOuF9wvjZAVn8p9j6xAw8hhhcVeYgXq/y', 'ga.retailleau@gmail.com');
INSERT INTO public.users (id, username, secretkey, email) VALUES ('c7918c7e-c9be-40a1-976f-25d42b4c6e25', 'hpitaud', '$2a$11$WeOO08s8MicIHAmQyLm5ne01D8blHoREdon3FH.Pn258EKek5hlmS', 'hervepitaud@yahoo.fr');
INSERT INTO public.users (id, username, secretkey, email) VALUES ('72e1eae6-a42d-4918-94e1-b46452b199fc', 'ppilet', '$2a$11$QN56pq5Cv50I/jZue5tLUu3CggL6dXQulvVPEvpxyxYs5de70wMUW', 'pascal.pilet@armatures-services.com');
INSERT INTO public.users (id, username, secretkey, email) VALUES ('2bd98ad7-568a-4e4b-8266-6c093edb7d2f', 'jraineau', '$2a$11$tIc8uN6HsJTWs.zuE4rMx.BeTqXsEyUmhrh0ADwUgbiix5FrKT1bm', 'ju.raineau@laposte.net');
INSERT INTO public.users (id, username, secretkey, email) VALUES ('769ad76b-e931-429c-84e2-ac93b73a8545', 'jleroux', '$2a$11$ol1ggkg7J49ODnXuuAMKROP/tLqMK.nhyWQjTU.xKbLlvRG9PCPhG', 'ju.leroux@yahoo.fr');
INSERT INTO public.users (id, username, secretkey, email) VALUES ('433fda5d-e8c9-42c5-8b6f-797201e5ca93', 'pleglat', '$2a$11$Ghdw2S1SILpdPrdvI/rfqu8Rw36KD5rI55tL.5i6KLJSaKnPqZO7G', 'paul_leglat@yahoo.fr');
INSERT INTO public.users (id, username, secretkey, email) VALUES ('53b222de-e1b8-4702-8ead-1d3c447d96da', 'dbarreau', '$2a$11$00l1KMzPFjK5DiqNDoMlS.5Rf9PPcrwRijapeNb.ygc2eX/BeI4aK', 'barreau.guillaume@orange.fr');
INSERT INTO public.users (id, username, secretkey, email) VALUES ('33bd3fd5-05bb-45b1-ae71-c3005c7230eb', 'carnou', '$2a$11$.sTY8Rd7DZEniQqBhblOoOZ/K.N3gpKMmpT76LAanrEUjdZKmUBnG', 'christophe.arnou@sdis-vendee.fr');


INSERT INTO public.team_members (user_id, distribution_year, team_number, validity_start, validity_end) VALUES ('b126889d-486f-4925-ae98-51f8c2ce1c99', 2017, 1, TIMESTAMP '2017-05-04 12:00:00.00', TIMESTAMP '9999-12-31 12:00:00.00');
INSERT INTO public.team_members (user_id, distribution_year, team_number, validity_start, validity_end) VALUES ('b3393b6e-b307-4652-b6d8-f55fe6a00d6e', 2017, 1, TIMESTAMP '2017-05-04 12:00:00.00', TIMESTAMP '9999-12-31 12:00:00.00');
INSERT INTO public.team_members (user_id, distribution_year, team_number, validity_start, validity_end) VALUES ('b7f5b03e-e793-4360-afac-af837a562f5a', 2017, 1, TIMESTAMP '2017-05-04 12:00:00.00', TIMESTAMP '9999-12-31 12:00:00.00');
INSERT INTO public.team_members (user_id, distribution_year, team_number, validity_start, validity_end) VALUES ('e8fc9dd1-339e-4221-b413-004616ffc334', 2017, 1, TIMESTAMP '2017-05-04 12:00:00.00', TIMESTAMP '9999-12-31 12:00:00.00');
INSERT INTO public.team_members (user_id, distribution_year, team_number, validity_start, validity_end) VALUES ('120e4a1b-2fdc-45c6-81a4-310423f8bd2d', 2017, 1, TIMESTAMP '2017-05-04 12:00:00.00', TIMESTAMP '9999-12-31 12:00:00.00');
INSERT INTO public.team_members (user_id, distribution_year, team_number, validity_start, validity_end) VALUES ('728b7420-0b76-4576-b1f1-ea2ee37b99a4', 2017, 1, TIMESTAMP '2017-05-04 12:00:00.00', TIMESTAMP '9999-12-31 12:00:00.00');
INSERT INTO public.team_members (user_id, distribution_year, team_number, validity_start, validity_end) VALUES ('ad2a021a-a8bb-4b5a-8152-988c6dd04ce9', 2017, 1, TIMESTAMP '2017-05-04 12:00:00.00', TIMESTAMP '9999-12-31 12:00:00.00');
INSERT INTO public.team_members (user_id, distribution_year, team_number, validity_start, validity_end) VALUES ('13f05732-7a0f-474b-9888-2cbf67d71515', 2017, 1, TIMESTAMP '2017-05-04 12:00:00.00', TIMESTAMP '9999-12-31 12:00:00.00');
INSERT INTO public.team_members (user_id, distribution_year, team_number, validity_start, validity_end) VALUES ('ba573651-d102-4e31-84dc-423d55aeb5dd', 2017, 1, TIMESTAMP '2017-05-04 12:00:00.00', TIMESTAMP '9999-12-31 12:00:00.00');
INSERT INTO public.team_members (user_id, distribution_year, team_number, validity_start, validity_end) VALUES ('ea1cac2c-37fa-43db-9e41-ed645e9299ec', 2017, 1, TIMESTAMP '2017-05-04 12:00:00.00', TIMESTAMP '9999-12-31 12:00:00.00');
INSERT INTO public.team_members (user_id, distribution_year, team_number, validity_start, validity_end) VALUES ('6092e358-7910-47d9-ae93-890e07a3c7f3', 2017, 1, TIMESTAMP '2017-05-04 12:00:00.00', TIMESTAMP '9999-12-31 12:00:00.00');
INSERT INTO public.team_members (user_id, distribution_year, team_number, validity_start, validity_end) VALUES ('d089746a-476f-446e-88bd-e2d9078bd482', 2017, 1, TIMESTAMP '2017-05-04 12:00:00.00', TIMESTAMP '9999-12-31 12:00:00.00');
INSERT INTO public.team_members (user_id, distribution_year, team_number, validity_start, validity_end) VALUES ('86c8195e-3a97-44d3-8ece-2aa63dd618b5', 2017, 1, TIMESTAMP '2017-05-04 12:00:00.00', TIMESTAMP '9999-12-31 12:00:00.00');
INSERT INTO public.team_members (user_id, distribution_year, team_number, validity_start, validity_end) VALUES ('232c30d8-024d-449c-8fef-ff80b47c6884', 2017, 1, TIMESTAMP '2017-05-04 12:00:00.00', TIMESTAMP '9999-12-31 12:00:00.00');
INSERT INTO public.team_members (user_id, distribution_year, team_number, validity_start, validity_end) VALUES ('5c3076a2-96f2-4916-adc8-bfb5c9aab9f0', 2017, 1, TIMESTAMP '2017-05-04 12:00:00.00', TIMESTAMP '9999-12-31 12:00:00.00');
INSERT INTO public.team_members (user_id, distribution_year, team_number, validity_start, validity_end) VALUES ('a5dcc934-7067-4d01-950f-164d105fb493', 2017, 1, TIMESTAMP '2017-05-04 12:00:00.00', TIMESTAMP '9999-12-31 12:00:00.00');
INSERT INTO public.team_members (user_id, distribution_year, team_number, validity_start, validity_end) VALUES ('397547f1-3872-47fd-86d7-c85b5d85e05b', 2017, 1, TIMESTAMP '2017-05-04 12:00:00.00', TIMESTAMP '9999-12-31 12:00:00.00');
INSERT INTO public.team_members (user_id, distribution_year, team_number, validity_start, validity_end) VALUES ('f860b4b5-5c94-4cf4-a151-6059befd4cbb', 2017, 1, TIMESTAMP '2017-05-04 12:00:00.00', TIMESTAMP '9999-12-31 12:00:00.00');
INSERT INTO public.team_members (user_id, distribution_year, team_number, validity_start, validity_end) VALUES ('bffd9e5d-b131-4573-a16e-a1c13f2053a7', 2017, 1, TIMESTAMP '2017-05-04 12:00:00.00', TIMESTAMP '9999-12-31 12:00:00.00');
INSERT INTO public.team_members (user_id, distribution_year, team_number, validity_start, validity_end) VALUES ('eae620c0-10a1-46f3-bcc9-da9e234a5e64', 2017, 1, TIMESTAMP '2017-05-04 12:00:00.00', TIMESTAMP '9999-12-31 12:00:00.00');
INSERT INTO public.team_members (user_id, distribution_year, team_number, validity_start, validity_end) VALUES ('f5bfb984-685d-4e9c-81bf-e27cc5e9f8dc', 2017, 1, TIMESTAMP '2017-05-04 12:00:00.00', TIMESTAMP '9999-12-31 12:00:00.00');
INSERT INTO public.team_members (user_id, distribution_year, team_number, validity_start, validity_end) VALUES ('25828fb5-2478-4f47-b31b-07b838aa0994', 2017, 1, TIMESTAMP '2017-05-04 12:00:00.00', TIMESTAMP '9999-12-31 12:00:00.00');
INSERT INTO public.team_members (user_id, distribution_year, team_number, validity_start, validity_end) VALUES ('c7d5e79a-0fc0-48d0-a6ed-411323f46b57', 2017, 1, TIMESTAMP '2017-05-04 12:00:00.00', TIMESTAMP '9999-12-31 12:00:00.00');
INSERT INTO public.team_members (user_id, distribution_year, team_number, validity_start, validity_end) VALUES ('099306d6-28cb-436a-b590-06b1ed82c19c', 2017, 1, TIMESTAMP '2017-05-04 12:00:00.00', TIMESTAMP '9999-12-31 12:00:00.00');
INSERT INTO public.team_members (user_id, distribution_year, team_number, validity_start, validity_end) VALUES ('c7918c7e-c9be-40a1-976f-25d42b4c6e25', 2017, 1, TIMESTAMP '2017-05-04 12:00:00.00', TIMESTAMP '9999-12-31 12:00:00.00');
INSERT INTO public.team_members (user_id, distribution_year, team_number, validity_start, validity_end) VALUES ('72e1eae6-a42d-4918-94e1-b46452b199fc', 2017, 1, TIMESTAMP '2017-05-04 12:00:00.00', TIMESTAMP '9999-12-31 12:00:00.00');
INSERT INTO public.team_members (user_id, distribution_year, team_number, validity_start, validity_end) VALUES ('2bd98ad7-568a-4e4b-8266-6c093edb7d2f', 2017, 1, TIMESTAMP '2017-05-04 12:00:00.00', TIMESTAMP '9999-12-31 12:00:00.00');
INSERT INTO public.team_members (user_id, distribution_year, team_number, validity_start, validity_end) VALUES ('769ad76b-e931-429c-84e2-ac93b73a8545', 2017, 1, TIMESTAMP '2017-05-04 12:00:00.00', TIMESTAMP '9999-12-31 12:00:00.00');
INSERT INTO public.team_members (user_id, distribution_year, team_number, validity_start, validity_end) VALUES ('433fda5d-e8c9-42c5-8b6f-797201e5ca93', 2017, 1, TIMESTAMP '2017-05-04 12:00:00.00', TIMESTAMP '9999-12-31 12:00:00.00');
INSERT INTO public.team_members (user_id, distribution_year, team_number, validity_start, validity_end) VALUES ('53b222de-e1b8-4702-8ead-1d3c447d96da', 2017, 1, TIMESTAMP '2017-05-04 12:00:00.00', TIMESTAMP '9999-12-31 12:00:00.00');
INSERT INTO public.team_members (user_id, distribution_year, team_number, validity_start, validity_end) VALUES ('33bd3fd5-05bb-45b1-ae71-c3005c7230eb', 2017, 1, TIMESTAMP '2017-05-04 12:00:00.00', TIMESTAMP '9999-12-31 12:00:00.00');

INSERT INTO public.authorities (user_id, authority) VALUES ('b126889d-486f-4925-ae98-51f8c2ce1c99', 'USER');
INSERT INTO public.authorities (user_id, authority) VALUES ('b3393b6e-b307-4652-b6d8-f55fe6a00d6e', 'USER');
INSERT INTO public.authorities (user_id, authority) VALUES ('b7f5b03e-e793-4360-afac-af837a562f5a', 'USER');
INSERT INTO public.authorities (user_id, authority) VALUES ('e8fc9dd1-339e-4221-b413-004616ffc334', 'USER');
INSERT INTO public.authorities (user_id, authority) VALUES ('120e4a1b-2fdc-45c6-81a4-310423f8bd2d', 'USER');
INSERT INTO public.authorities (user_id, authority) VALUES ('728b7420-0b76-4576-b1f1-ea2ee37b99a4', 'USER');
INSERT INTO public.authorities (user_id, authority) VALUES ('ad2a021a-a8bb-4b5a-8152-988c6dd04ce9', 'USER');
INSERT INTO public.authorities (user_id, authority) VALUES ('13f05732-7a0f-474b-9888-2cbf67d71515', 'USER');
INSERT INTO public.authorities (user_id, authority) VALUES ('ba573651-d102-4e31-84dc-423d55aeb5dd', 'USER');
INSERT INTO public.authorities (user_id, authority) VALUES ('ea1cac2c-37fa-43db-9e41-ed645e9299ec', 'USER');
INSERT INTO public.authorities (user_id, authority) VALUES ('ea1cac2c-37fa-43db-9e41-ed645e9299ec', 'ADMIN');
INSERT INTO public.authorities (user_id, authority) VALUES ('6092e358-7910-47d9-ae93-890e07a3c7f3', 'USER');
INSERT INTO public.authorities (user_id, authority) VALUES ('d089746a-476f-446e-88bd-e2d9078bd482', 'USER');
INSERT INTO public.authorities (user_id, authority) VALUES ('86c8195e-3a97-44d3-8ece-2aa63dd618b5', 'USER');
INSERT INTO public.authorities (user_id, authority) VALUES ('232c30d8-024d-449c-8fef-ff80b47c6884', 'USER');
INSERT INTO public.authorities (user_id, authority) VALUES ('5c3076a2-96f2-4916-adc8-bfb5c9aab9f0', 'USER');
INSERT INTO public.authorities (user_id, authority) VALUES ('a5dcc934-7067-4d01-950f-164d105fb493', 'USER');
INSERT INTO public.authorities (user_id, authority) VALUES ('397547f1-3872-47fd-86d7-c85b5d85e05b', 'USER');
INSERT INTO public.authorities (user_id, authority) VALUES ('f860b4b5-5c94-4cf4-a151-6059befd4cbb', 'USER');
INSERT INTO public.authorities (user_id, authority) VALUES ('bffd9e5d-b131-4573-a16e-a1c13f2053a7', 'USER');
INSERT INTO public.authorities (user_id, authority) VALUES ('eae620c0-10a1-46f3-bcc9-da9e234a5e64', 'USER');
INSERT INTO public.authorities (user_id, authority) VALUES ('f5bfb984-685d-4e9c-81bf-e27cc5e9f8dc', 'USER');
INSERT INTO public.authorities (user_id, authority) VALUES ('25828fb5-2478-4f47-b31b-07b838aa0994', 'USER');
INSERT INTO public.authorities (user_id, authority) VALUES ('c7d5e79a-0fc0-48d0-a6ed-411323f46b57', 'USER');
INSERT INTO public.authorities (user_id, authority) VALUES ('099306d6-28cb-436a-b590-06b1ed82c19c', 'USER');
INSERT INTO public.authorities (user_id, authority) VALUES ('c7918c7e-c9be-40a1-976f-25d42b4c6e25', 'USER');
INSERT INTO public.authorities (user_id, authority) VALUES ('72e1eae6-a42d-4918-94e1-b46452b199fc', 'USER');
INSERT INTO public.authorities (user_id, authority) VALUES ('2bd98ad7-568a-4e4b-8266-6c093edb7d2f', 'USER');
INSERT INTO public.authorities (user_id, authority) VALUES ('769ad76b-e931-429c-84e2-ac93b73a8545', 'USER');
INSERT INTO public.authorities (user_id, authority) VALUES ('433fda5d-e8c9-42c5-8b6f-797201e5ca93', 'USER');
INSERT INTO public.authorities (user_id, authority) VALUES ('53b222de-e1b8-4702-8ead-1d3c447d96da', 'USER');
INSERT INTO public.authorities (user_id, authority) VALUES ('33bd3fd5-05bb-45b1-ae71-c3005c7230eb', 'USER');
